,Accuracy,ROC-AUC
Logistic Regression,0.7695,0.8489679528777518
Random Forest,0.8415,0.9144318125093595
Ensemble,0.8375,0.9123581507179819
XGBoost,0.8455,0.924959233930681
